{
  "fallback_active": true,
  "fallback_until": 1769021192.287821,
  "request_count": 0,
  "max_requests": 25,
  "last_billing_error": 1769017592.287821
}