{
  "fallback_active": true,
  "fallback_until": 1769074692.9423232,
  "request_count": 0,
  "max_requests": 25,
  "last_billing_error": 1769071092.9423232
}