{
  "fallback_active": true,
  "fallback_until": 1769029278.0196278,
  "request_count": 0,
  "max_requests": 25,
  "last_billing_error": 1769025678.0196278
}