{"report": {"environment": {}, "tests": [], "summary": {"num_tests": 0, "duration": 1.0524778366088867}, "created_at": "2026-02-05 20:53:28.584671"}}